predictions,true_labels
Malware,Malware
Benign,Benign
Benign,Malware
Benign,Benign
Malware,Benign
Malware,Benign
Benign,Benign
Benign,Benign
Benign,Benign
Malware,Malware
Malware,Malware
Benign,Benign
Malware,Benign
Benign,Benign
Benign,Benign
Malware,Malware
Malware,Malware
Malware,Malware
Malware,Malware
Malware,Benign
Benign,Benign
Malware,Benign
Benign,Benign
Benign,Malware
Malware,Benign
Benign,Benign
Malware,Malware
Malware,Malware
Benign,Benign
Benign,Benign
Benign,Benign
Malware,Malware
Benign,Malware
Malware,Benign
Benign,Benign
Malware,Benign
Benign,Malware
Malware,Benign
Malware,Benign
Benign,Benign
Benign,Benign
Malware,Benign
Benign,Malware
Benign,Malware
Malware,Benign
Benign,Malware
Malware,Malware
Benign,Benign
Malware,Malware
Malware,Malware
Benign,Malware
Benign,Malware
Malware,Malware
Benign,Benign
Benign,Benign
Malware,Malware
Benign,Benign
Malware,Malware
Malware,Malware
Benign,Benign
Malware,Malware
Benign,Malware
Malware,Malware
Malware,Malware
Malware,Benign
Benign,Benign
Malware,Malware
Malware,Benign
Malware,Malware
Benign,Benign
Malware,Malware
Malware,Malware
Benign,Benign
Malware,Malware
Benign,Malware
Benign,Benign
Malware,Malware
Malware,Malware
Malware,Malware
Malware,Malware
Benign,Benign
Benign,Benign
Benign,Benign
Benign,Benign
Malware,Malware
Malware,Benign
Malware,Malware
Malware,Malware
Benign,Benign
Malware,Malware
Malware,Benign
Malware,Malware
Malware,Malware
Benign,Malware
Malware,Malware
Benign,Benign
Malware,Benign
Benign,Malware
Malware,Malware
Benign,Benign
Malware,Benign
Malware,Malware
Malware,Malware
Malware,Malware
Malware,Malware
Benign,Benign
Benign,Malware
Benign,Benign
Benign,Benign
Malware,Benign
Malware,Benign
Benign,Malware
Malware,Malware
Malware,Malware
Malware,Malware
Benign,Benign
Benign,Benign
Benign,Benign
Benign,Benign
Benign,Benign
Benign,Benign
Benign,Malware
Malware,Benign
Malware,Benign
Benign,Benign
Benign,Malware
Benign,Benign
Benign,Benign
Malware,Benign
Benign,Benign
Malware,Malware
Malware,Malware
Malware,Benign
Benign,Benign
Malware,Benign
Malware,Malware
Benign,Benign
Malware,Malware
Malware,Malware
Benign,Benign
Benign,Benign
Benign,Benign
Benign,Benign
Benign,Benign
Benign,Benign
Malware,Malware
Malware,Malware
Malware,Benign
Benign,Benign
Malware,Malware
Malware,Malware
Malware,Malware
Malware,Malware
Benign,Benign
Malware,Malware
Malware,Malware
Benign,Benign
Benign,Malware
Malware,Malware
Benign,Benign
Benign,Benign
Malware,Malware
Malware,Malware
Benign,Benign
Malware,Malware
Malware,Benign
Benign,Benign
Benign,Benign
Malware,Malware
Malware,Benign
Benign,Benign
Benign,Benign
Benign,Benign
Malware,Malware
Benign,Benign
Benign,Benign
Malware,Malware
Malware,Benign
Malware,Malware
Malware,Malware
Benign,Benign
Malware,Malware
Benign,Benign
Benign,Benign
Benign,Benign
Malware,Malware
Benign,Benign
Malware,Malware
Benign,Benign
Malware,Malware
Benign,Benign
Benign,Malware
Malware,Benign
Malware,Malware
Malware,Malware
Benign,Benign
Malware,Benign
Malware,Malware
Malware,Malware
Benign,Benign
Benign,Benign
Benign,Benign
Benign,Benign
Malware,Malware
Malware,Benign
Benign,Benign
Malware,Benign
Benign,Benign
Benign,Malware
Benign,Benign
Malware,Malware
Malware,Malware
Benign,Benign
Benign,Benign
Benign,Benign
Benign,Malware
Benign,Benign
Malware,Malware
Benign,Benign
Benign,Benign
Benign,Malware
Malware,Malware
Benign,Benign
Benign,Benign
Malware,Malware
Malware,Malware
Malware,Benign
Benign,Benign
Malware,Malware
Malware,Malware
Malware,Benign
Malware,Malware
Malware,Malware
Malware,Malware
Malware,Benign
Malware,Malware
Benign,Benign
Benign,Benign
Malware,Malware
Malware,Malware
Benign,Benign
Malware,Malware
Benign,Benign
Malware,Malware
Malware,Malware
Benign,Benign
Malware,Malware
Malware,Benign
Benign,Benign
Malware,Malware
Malware,Malware
Malware,Malware
Malware,Benign
Malware,Malware
Benign,Benign
Benign,Benign
Malware,Malware
Malware,Benign
Malware,Benign
Malware,Malware
Benign,Malware
Benign,Benign
Benign,Benign
Malware,Malware
Malware,Malware
Benign,Benign
Benign,Benign
Malware,Malware
Malware,Malware
Malware,Malware
Malware,Malware
Malware,Malware
Benign,Benign
Malware,Malware
Benign,Benign
Malware,Malware
Benign,Benign
Benign,Benign
Malware,Benign
Malware,Malware
Malware,Malware
Malware,Malware
Benign,Benign
Benign,Benign
Benign,Benign
Benign,Benign
Malware,Benign
Malware,Malware
Benign,Benign
Malware,Malware
Malware,Malware
Malware,Malware
Malware,Malware
Benign,Benign
Benign,Benign
Malware,Malware
Malware,Malware
Malware,Malware
Malware,Malware
Malware,Benign
Malware,Malware
Benign,Benign
Benign,Benign
Benign,Benign
Benign,Benign
Malware,Malware
Malware,Benign
Benign,Benign
Malware,Malware
Malware,Malware
Malware,Malware
Benign,Benign
Benign,Benign
Benign,Benign
Malware,Malware
Malware,Malware
Benign,Benign
Malware,Benign
Malware,Malware
Benign,Benign
Malware,Malware
Benign,Benign
Benign,Benign
Benign,Benign
Malware,Malware
Malware,Malware
Malware,Malware
Malware,Benign
Malware,Malware
Malware,Benign
Malware,Malware
Malware,Malware
Malware,Malware
Benign,Benign
Malware,Benign
Malware,Malware
Malware,Benign
Benign,Benign
Malware,Malware
Benign,Benign
Benign,Benign
Benign,Benign
Malware,Malware
Malware,Malware
Malware,Benign
Malware,Malware
Malware,Malware
Malware,Malware
Benign,Malware
Malware,Malware
Benign,Benign
Malware,Benign
Malware,Malware
Malware,Benign
Malware,Malware
Malware,Benign
Malware,Malware
Malware,Benign
Benign,Malware
Benign,Benign
Benign,Benign
Malware,Malware
Malware,Malware
Malware,Malware
Benign,Benign
Malware,Malware
Malware,Malware
Malware,Benign
Benign,Benign
Malware,Malware
Benign,Benign
Malware,Malware
Malware,Malware
Benign,Benign
Malware,Malware
Malware,Malware
Benign,Benign
Malware,Malware
Malware,Malware
Malware,Malware
Benign,Benign
Malware,Benign
Benign,Benign
Benign,Benign
Malware,Malware
Malware,Malware
Malware,Malware
Malware,Malware
Benign,Benign
Benign,Benign
Benign,Benign
Malware,Malware
Benign,Benign
Benign,Malware
Benign,Benign
Malware,Malware
Malware,Malware
Benign,Malware
Benign,Benign
Benign,Benign
Malware,Malware
Malware,Malware
Malware,Malware
Benign,Benign
Benign,Benign
Malware,Malware
Benign,Benign
Benign,Benign
Malware,Malware
Benign,Benign
Malware,Malware
Benign,Benign
Benign,Benign
Benign,Benign
Malware,Malware
Benign,Benign
Benign,Benign
Malware,Benign
Benign,Benign
Malware,Benign
Malware,Malware
Malware,Benign
Malware,Malware
Benign,Benign
Benign,Benign
Benign,Malware
Malware,Malware
Malware,Malware
Benign,Malware
Malware,Malware
Malware,Benign
Malware,Benign
Malware,Malware
Benign,Benign
Benign,Benign
Benign,Benign
Malware,Benign
Benign,Malware
Benign,Benign
Malware,Benign
Benign,Benign
Malware,Malware
Benign,Benign
Malware,Malware
Benign,Benign
Benign,Benign
Benign,Benign
Malware,Malware
Benign,Benign
Malware,Malware
Malware,Malware
Benign,Benign
Malware,Malware
Malware,Benign
Malware,Malware
Malware,Malware
Malware,Benign
Malware,Malware
Benign,Benign
Benign,Benign
Malware,Malware
Benign,Benign
Malware,Malware
Malware,Malware
Malware,Benign
Benign,Benign
Benign,Benign
Benign,Benign
Benign,Benign
Malware,Malware
Benign,Benign
Benign,Benign
Benign,Benign
Malware,Malware
Malware,Malware
Malware,Benign
Malware,Benign
Malware,Malware
Malware,Malware
Benign,Benign
Benign,Benign
Benign,Benign
Malware,Malware
Benign,Benign
Malware,Malware
Benign,Benign
Malware,Malware
Malware,Malware
Malware,Malware
Benign,Benign
Benign,Benign
Benign,Benign
Malware,Malware
Malware,Malware
Malware,Malware
Benign,Benign
Malware,Malware
Benign,Benign
Malware,Malware
Benign,Benign
Malware,Malware
Malware,Benign
Benign,Benign
Benign,Benign
Benign,Benign
Benign,Benign
Benign,Malware
Benign,Benign
Benign,Benign
Benign,Benign
Benign,Benign
Malware,Malware
Benign,Benign
Malware,Malware
Benign,Benign
Benign,Benign
Malware,Benign
Malware,Malware
Malware,Benign
Malware,Benign
Benign,Benign
Malware,Malware
Benign,Benign
Benign,Benign
Malware,Malware
Benign,Malware
Benign,Benign
Malware,Malware
Malware,Malware
Malware,Malware
Benign,Benign
Benign,Benign
Malware,Malware
Malware,Benign
Malware,Benign
Malware,Malware
Benign,Benign
Malware,Malware
Malware,Malware
Malware,Malware
Benign,Benign
Benign,Benign
Malware,Benign
Malware,Malware
Malware,Malware
Benign,Benign
Malware,Malware
Benign,Benign
Benign,Benign
Benign,Benign
Malware,Malware
Malware,Benign
Benign,Benign
Malware,Malware
Malware,Malware
Malware,Malware
Malware,Malware
Benign,Benign
Benign,Benign
Malware,Malware
Benign,Benign
Benign,Benign
Malware,Malware
Benign,Benign
Malware,Malware
Malware,Malware
Benign,Benign
Malware,Malware
Malware,Malware
Benign,Benign
Benign,Benign
Malware,Malware
Malware,Benign
Malware,Malware
Malware,Malware
Benign,Benign
Malware,Malware
Malware,Malware
Benign,Malware
Malware,Malware
Malware,Malware
Malware,Malware
Benign,Benign
Malware,Malware
Benign,Benign
Benign,Benign
Benign,Benign
Benign,Benign
Malware,Malware
Benign,Malware
Malware,Malware
Malware,Malware
Benign,Malware
Benign,Benign
Benign,Benign
Benign,Benign
Malware,Malware
Benign,Benign
Benign,Benign
Malware,Malware
Malware,Malware
Benign,Benign
Malware,Malware
Malware,Malware
Benign,Benign
Malware,Malware
Malware,Malware
Benign,Benign
Malware,Malware
Benign,Benign
Malware,Malware
Benign,Benign
Benign,Benign
Benign,Benign
Malware,Malware
Malware,Malware
Benign,Benign
Benign,Malware
Benign,Malware
Malware,Malware
Malware,Malware
Benign,Benign
Malware,Malware
Benign,Benign
Malware,Malware
Malware,Malware
Benign,Benign
Malware,Malware
Benign,Benign
Malware,Benign
Malware,Malware
Malware,Malware
Malware,Malware
Malware,Malware
Benign,Benign
Benign,Benign
Benign,Benign
Malware,Malware
Benign,Benign
Benign,Malware
Malware,Malware
Malware,Malware
Benign,Benign
Benign,Benign
Benign,Benign
Benign,Benign
Malware,Malware
Benign,Benign
Malware,Malware
Benign,Malware
Malware,Malware
Benign,Benign
Malware,Malware
Malware,Malware
Benign,Malware
Malware,Malware
Malware,Malware
Benign,Benign
Benign,Benign
Malware,Benign
Malware,Malware
Malware,Benign
Malware,Benign
Benign,Benign
Benign,Benign
Malware,Benign
Malware,Malware
Benign,Benign
Malware,Malware
Benign,Benign
Malware,Malware
Benign,Benign
Malware,Malware
Malware,Malware
Benign,Malware
Benign,Benign
Benign,Benign
Benign,Benign
Malware,Malware
Benign,Benign
Benign,Benign
Malware,Malware
Malware,Benign
Benign,Benign
Benign,Benign
Malware,Malware
Malware,Malware
Benign,Malware
Malware,Malware
Malware,Malware
Benign,Benign
Malware,Malware
Malware,Malware
Malware,Malware
Malware,Malware
Malware,Malware
Benign,Benign
Benign,Benign
Malware,Benign
Malware,Malware
Benign,Malware
Benign,Benign
Benign,Benign
Benign,Benign
Benign,Benign
Malware,Malware
Malware,Malware
Benign,Benign
Malware,Malware
Benign,Benign
Malware,Malware
Malware,Malware
Benign,Benign
Malware,Benign
Malware,Malware
Malware,Benign
Benign,Benign
Malware,Benign
Malware,Benign
Malware,Malware
Malware,Malware
Malware,Malware
Benign,Malware
Malware,Benign
Benign,Benign
Malware,Malware
Malware,Malware
Malware,Benign
Benign,Benign
Benign,Malware
Benign,Benign
Malware,Benign
Malware,Malware
Benign,Benign
Malware,Malware
Benign,Malware
Benign,Benign
Malware,Malware
Malware,Malware
Benign,Benign
Benign,Benign
Benign,Benign
Malware,Malware
Benign,Benign
Malware,Benign
Benign,Benign
Malware,Benign
Malware,Benign
Benign,Benign
Malware,Malware
Benign,Benign
Malware,Malware
Malware,Malware
Malware,Malware
Malware,Malware
Malware,Malware
Malware,Benign
Malware,Malware
Benign,Benign
Malware,Malware
Benign,Benign
Malware,Malware
Benign,Benign
Malware,Malware
Malware,Malware
Malware,Malware
Malware,Malware
Malware,Malware
Malware,Malware
Benign,Benign
Malware,Malware
Benign,Malware
Malware,Malware
Benign,Benign
Benign,Benign
Benign,Benign
Malware,Malware
Benign,Benign
Benign,Malware
Benign,Benign
Benign,Benign
Malware,Malware
Benign,Benign
Benign,Benign
Benign,Benign
Malware,Malware
Malware,Malware
Benign,Benign
Malware,Malware
Malware,Malware
Benign,Benign
Malware,Benign
Malware,Malware
Benign,Benign
Malware,Malware
Benign,Benign
Malware,Malware
Malware,Malware
Malware,Malware
Malware,Malware
Malware,Benign
Malware,Malware
Malware,Malware
Benign,Malware
Malware,Malware
Malware,Malware
Malware,Malware
Malware,Malware
Benign,Benign
Malware,Malware
Malware,Benign
Malware,Malware
Benign,Benign
Malware,Malware
Benign,Benign
Benign,Benign
Benign,Benign
Benign,Benign
Malware,Malware
Malware,Malware
Malware,Malware
Benign,Benign
Benign,Benign
Benign,Benign
Malware,Malware
Malware,Malware
Benign,Benign
Benign,Malware
Malware,Malware
Benign,Benign
Malware,Malware
Malware,Malware
Malware,Benign
Malware,Malware
Malware,Malware
Benign,Benign
Benign,Benign
Benign,Benign
Malware,Malware
Malware,Malware
Malware,Benign
Malware,Malware
Benign,Benign
Malware,Benign
Benign,Benign
Malware,Malware
Malware,Malware
Benign,Benign
Benign,Benign
Benign,Benign
Malware,Malware
Malware,Malware
Benign,Benign
Malware,Malware
Benign,Benign
Malware,Malware
Malware,Malware
